Прайс на дату: 09.12.18;;;;;;
;;;;;;
Наименование;ед.изм;расф.;Цена с НДС за ед.;Цена с НДС за упаковку;Останок по складу (ед);Останок по складу (расфас.)
ЛУСКУНЧИК тм;;;;;;
Арахіс смаж, в шкарлупі 130г/1 Опак./ТМ Лускунчики;шт;1;18.69;18.69;2.00;2.00
Арахіс смаж, в шкарлупі 55г/20пак.ЯМ Лускунчики;шт;1;7.98;7.98;70.00;70.00
Арахіс смаж, в шкарлупі 70г/20пак./ТМ Лускунчики;шт;1;9.43;9.43;139.00;139.00
Арахіс смаж.СОЛЬ 30г/20пак./ТМ Лускунчики;шт;1;4.34;4.34;34.00;34.00
Арахіс смаж.СОЛЬ ПАПРИКА 40г/15пак./ТМ Лускунчики;шт;1;5.85;5.85;28.00;28.00
Арахісу хруст.ск.ТЕЛЯТИНА 80г/10пакЯМ Лускунчик;шт;1;9.45;9.45;73.00;73.00
Арахіс у хруст.скМЕКС.СОУС 80г/10пакЯМ Лускунчики;шт;1;8.78;8.78;74.00;74.00
Арахіс у хруст.скор.БЕКОН 80г/10пак/ТМ Лускунчики;шт;1;8.78;8.78;123.00;123.00
Арахіс у хруст.скор.ВАСАБІ 80г/10пак/ТМ Лускунчики;шт;1;9.69;9.69;97.00;97.00
Арахіс у хруст.скор.КУРКА 80г/10пак/ТМ Лускунчики;шт;1;9.69;9.69;54.00;54.00
Арахіс у хруст.скор.СИР 80г/10пакЯМ Лускунчики;шт;1;8.78;8.78;75.00;75.00
Арахіс у хруст.скор.СМЕТЗЕЛ80г/10пак/ТМ Лускунчики;шт;1;9.68;9.68;189.00;189.00
Насіння сон.смаж.220г/1 Опак./ТМ Лускунчики;шт;1;11.62;11.62;69.00;69.00
Насіння сон.смаж.СОЛЫ20г/15пак./ТМ Лускунчики;шт;1;10.29;10.29;184.00;184.00
Насіння сон.смаж.СОЛЬ70г/30пак./ТМ Лускунчики;шт;1;6.16;6.16;114.00;114.00
Ядро сон.смаж. СОЛЬ 50г/15пак./ТМ Лускунчики;шт;1;3.50;3.50;136.00;136.00
Ядро сон.смаж.250г/12пак.ЕМ Лускунчики;шт;1;13.39;13.39;12 00;12.00
Океан изобилия;;;;;;
"1000г Камбала сушена ТМ ""ОІ""";пак;1;158 40;158 40;1.00;1.00
"1000г Павутинка ТЕМНА ТМ ""ОІ""";пак;1;415.80;415.80;5.00;5.00
"500г Crispy в соєвому соусі з кунжутом ТМ ""ОІ""";пак;1;52.14;52.14;4.00;4.00
"500г Crispy Сир ТМ ""ОІ""";пак;1;48.84;48.84;7.00;7.00
"500г Crispy Сметана та зелень ТМ ""ОІ""";пак;1;97.68;97.68;13.00;13.00
"500г Ікряник палочки ТМ ""ОІ""";пак;1;147.84;147.84;6.00;6.00
"500г Камбала сушена ТМ ""ОІ""";пак;1;101.64;101.64;4.00;4.00
"500г Павутинка ТМ ""ОІ""";пак;1;210.54;210.54;6.00;6.00
"500г Павутинка тунця з перцем ТМ ""ОІ""";пак;1;134.64;134.64;3.00;3.00
"АКЦІЯ Насііння ""Щелкунчики "" 60г* 50 шт.ТМ ""ОІ""";шт;1;0.01;0.01;21.00;21.00
"Біскв.палочки в біл.шок Чорниця 32г*50 шт ТМ ""ОІ""";шт;1;6.20;6.20;1.00;1.00
"Грінки житн.-пшен. томат *70шт ТМ ""ОІ""";шт;1;5.27;5.27;2.00;2.00
"Кальмар сушений 18 г* 55 шт.ТМ ""ОІ""";шт;1;11.22;11.22;1.00;1.00
"Кальмар сушений з перцем 18 г* 55 шт.ТМ ""ОІ""";шт;1;9.75;9.75;2.00;2.00
"Кільця кальмара 15 г* 80 шт.ТМ ""ОІ""";шт;1;9.24;9.24;2.00;2.00
"Льодяна спинка 18 г* 80 шт.ТМ ""ОІ""";шт;1;8.40;8.40;2.00;2.00
"Насііння смажене ""Щелкунчики "" 60г* 50 шт.ТМ ""ОІ""";шт;1;3.71;3.71;2.00;2.00
"Охотський посол 18г*70 шт.ТМ ""ОІ""";шт;1;8.98;8.98;3.00;3.00
"Павутинка 7 г* 130 шт.ТМ ""ОІ""";шт;1;5.85;5.85;35.00;35.00
"Павутинка з перцем 7 г* 130 шт.ТМ ""ОІ""";шт;1;5.02;5.02;78.00;78.00
"Сухар.пшен. Smile Бекон 35г*120шт ТМ ""ОІ""";шт;1;2.64;2.64;30.00;30.00
"Сухар.пшен. Smile смет, и зелен. 35г*120шт ТМ ""ОІ""";шт;1;2.64;2.64;44.00;44.00
"Сухар.пшен. Smile холодцю и хрон 35г*120шт ТМ ""ОІ""";шт;1;2.64;2.64;2.00;2.00
"Сухарики житні Бекон 35г*120шт ТМ ""ОІ""";шт;1;2.64;2.64;11.00;11.00
"Сухарики пшен.Червона ікра 35г*120штТМ ""ОІ""";шт;1;2.64;2.64;12.00;12.00
"Тещин язик 18г*90 шт. ТМ ""ОІ""";шт;1;8.40;8.40;3.00;3.00
"Тунець солоно-сушений 18 г* 80 шт ТМ ""ОІ""";шт;1;8 58;8.58;2.00;2.00
ОТТИМО ТМ;;;;;;
Кук.пал.солод, негл.з сюрп. ДІВЧАТА 90г /ТМ ОТТІМО;шт;1;9.49;9.49;417.00;417.00
Кук.пал.солод, негл.з сюрп. ХЛОПЦІ 90г/ТМ ОТТІМО;шт;1;9.49;9.49;494.00;494.00
Кук.пал.солод. СЮРПРИЗ ДІВЧАТА 120г*20 ЯМ ОТТІМО;шт;1;15.76;15.76;274.00;274.00
Кук.пал.солод. СЮРПРИЗ ХЛОПЦІ 120г*20 ЯМ ОТТІМО;шт;1;15.76;15.76;307.00;307.00
Кук.пал.солод.СЮРПРИЗ ХЛОПЦІ 55г*30 ЯМ ОТТІМО;шт;1;7.73;7.73;285.00;285.00
Кук.пал.солод.СЮРПРИЗ ДІВЧАТА 55г*30 /ТМ ОТТІМО;шт;1;7.73;7.73;307.00;307.00
Кукур. пал. неглаз. БЕКОН 45г*30 ЯМ ОТТІМО;шт;1;4.28;4.28;269.00;269.00
Кукур. пал. неглаз. ГРИБИ в СМЕТАНІ 45 ЯМ ОТТІМО;шт;1;4.28;4.28;104.00;104.00
Кукур. пал. неглаз. САЛЯМІ 45г*30 ЯМ ОТТІМО;шт;1;4.28;4.28;354.00;354.00
Кукур. пал. неглаз. СИР 45г*30 ЯМ ОТТІМО;шт;1;4.28;4.28;291.00;291.00
Кукур. пал. неглаз.ЧЕРВОНА ІКРА 45г*30 ЯМ ОТТІМО;шт;1;4.28;4.28;145.00;145.00
Кукурудз, палички солодкі неглаз.400г/7штТМ ОТТІМО;шт;1;17.48;17.48;429.00;429.00
Кукурудзяні палички МОЛОЧНІ 165Г25ЯМ ОТТІМО;шт;1;10.75;10.75;185.00;185.00
Кукурудзяні палички МОЛОЧНІ 55г*30 ЯМ ОТТІМО;шт;1;4.28;4.28;85.00;85.00
Повітряні зерна кук.СОЛОДКІ негл. 50г*30ЯМ ОТТІМО;шт;1;7.22;7.22;180.00;180.00
Повітряні зерна кук.СОЛОДКІ негл..20г*50ЯМ ОТТІМО;шт;1;3.44;3.44;217.00;217.00
Повітряні зерна кук.СОЛОНІ негл. 20г*50ЯМ ОТТІМО;шт;1;3.44;3.44;128.00;128.00
Повітряні зерна кук СОЛОНІ негл. 50Г30ЯМ ОТТІМО;шт;1;7.22;7.22;286.00;286.00
ПАРА ПЕРЦIВ;;;;;;
"АКЦІЯІЛимонна кислота 20гр/300 в ящ. ""Пара перців""";шт;1;0.01;0.01;2.00;2.00
"Лавровий лист мелений 20гр/240 в ящ ""Пара перців""";шт;1;1.50;1.50;407.00;407.00
МАНДРИ;;;;;;
"Лимонна кислота 20гр""Мандри""";шт;1;1.53;1.53;25 00;25.00
"Перець духмяний горошок15гр/20уп /200""Мандри""";шт;1;3.36;3.36;106.00;106.00
"Перець чорний мелений 20гр/20уп./240 ""Мандри""";шт;1;2.98;2.98;232.00;232.00
"Суміш перців 20гр/160 в ящ. ""Пара перців""";шт;1;2.00;2.00;323.00;323.00
Чай;;;;;;
ПЧМ Зелений №95 / Крепкий GUN POWDER 90гр/16шт ящ;шт;1;15.96;15.96;27.00;27.00
ЧАИ ТРИ СЛОНА;;;;;;
ТМ КРЕПКИЙ ДСТУ чорн байх лист 80гр картон*54шт;шт;1;10 86;10.86;133.00;133.00
Чай Три Слони ф/п б/н 20*1,Згр*24ш;шт;1;6.74;6.74;48.00;48.00
Кондитерські вироби ВАВРИК TM;;;;;;
Baton Chio Chio цукерка 2,0 кг Vavryk&Co;кг;2;63.67;127.;26.00;13.00
Baton Chio CHOKO цукерка 2,0 кг Vavryk&Co;кг;2;69.90;139.81;68.00;34.00
Бабусині смаколики цукерка 2,0 кг Vavryk&Co;кг;2;82.86;165.73;92.00;46.00
"Ваф.рулетики ванілін ""Ролло""2,4 кг Vavryk&Co";кг;2.4;52.00;124.80;2.40;1.00
"Ваф.рулетики згущене молок ""Ролло""2,4 кг Vavryk&Co";кг;2.4;52.00;124.80;55.20;23.00
"Ваф.рулетики пряжене мол. ""Ролло""2,4 кг Vavryk&Co";кг;2.4;52.00;124.80;52.80;22.00
"Ваф.рулетики шоколад ""Ролло""2,4 кг Vavryk&Co";кг;2.4;52.00;124.80;7.20;3.00
"Ваф.труб. ""Мііо-Нотті ""Згущ.молоко 2,0KrVavryk&Co";кг;2;55.32;110.65;50.00;25.00
Коко Джамбо цукерка 2,0 кг Vavryk&Co;кг;2;100.85;201.69;124.00;62.00
Султан Тан цукерка 2,0 кг Vavryk&Co;кг;2;84.08;168.16;80.00;40.00
ФАС Ваф.рулет, шоколад п/п уп. 200 г Vavryk&Co;шт;1;13.94;13.94;1.00;1.00
Цукерка Кара-Кум 2,0 кг Vavryk&Co;кг;2;95.09;190.19;60.00;30.00
Червоний мак цукерка 2,0 кг Vavryk&Co;кг;2;80.35;160.70;38.00;19.00
ЧІО ЧІО HAT Батончик 2,0 кг Vavryk&Co;кг;2;64.31;128.63;62.00;31.00
ЧІО ЧІО HAT Батончик глазуров. 2,0 кг Vavryk&Co;кг;2;75.90;151.79;70.00;35.00
ЧІО ЧІО САН 2.0 кг Vavryk&Co;кг;2;75.33;150.66;6.00;3.00
Диканське;;;;;;
"Джанго 4 кг ""Диканське""";кг;4;35.19;140.76;32.00;8.00
"Диканське з цукром п-во 3,8 кг ""Диканське""";кг;3.8;32.46;123.34;144.40;38.00
"Диканське з цукром п-во 5,7кг ""Диканське""";кг;5.7;31.05;176.99;68.40;12.00
"Диканське п-во 5,7 кг ""Диканське""";кг;5.7;30.39;173.21;22.80;4.00
"Домашнє печиво 3 кг ""Диканське""";кг;3;35.85;107.56;21.00;7.00
"Злата Лукум кокос п-во 1,2 кг ""Диканське""";кг;1.2;52.41;62.89;10.80;9.00
"Злата Лукум Цитрус п-во 1,2 кг ""Диканське""";кг;1.2;67.65;81.18;21.60;18.00
"Інь-Янь п-во 1,7кг ""Диканське"" ЕЗ";кг;1.7;48.27;82.06;11.90;7.00
"Інь-Янь п-во 3,8 кг ""Диканське""";кг;3.8;46.95;178.40;133.00;35.00
"Ірисовий десерт п-во ф/п 2,3 кг ""Диканське""";кг;2.3;66.24;152.35;32.20;14.00
"Ліро Ірис 2,4 кг ""Диканське""";кг;2.4;56.72;136.12;33.60;14.00
"Малюки п-во 6 кг ""Диканське""";кг;6;34.20;205.18;18.00;3.00
"Маргаритка глаз. 1 кг ""Диканське"" ЕЗ";кг;1;68.97;68.97;16.00;16.00
"Маргаритка глаз. 2,5 кг ""Диканське"" ЕЗ";кг;2.5;66.24;165.60;55.00;22.00
"Мармеладка ""Малина""ф/п 2,5 кг ""Диканське""";кг;2.5;66.24;165.60;117.50;47.00
"Мохіто 0,9 кг ""Диканське"" Е4";кг;0.9;68.97;62.08;13.50;15.00
"Насолода молочно-горіхова п-во 1,8 кг ""Диканське""";кг;1.8;47.61;85.70;21.60;12:00
"Насолода шоколадно-горіхов п-во 1,8 кг ""Диканське""";кг;1.8;47.61;85.70;18.00;10.00
"Ніжність ароматна п-во 3,8 кг ""Диканське""";кг;3.8;48.02;182.49;72.20;19.00
"Нутель з мигдалем п-во 1,2 кг ""Диканське""";кг;1,2;82.80;99.36;4.80;4.00
"Нутель п-во 1,2 кг ""Диканське""";кг;1.2;71.79;86.15;50.40;42.00
"Поцілуйчики п-во 1,4 кг ""Диканське” Е4";кг;1.4;59.86;83.81;15.40;11.00
"Світлофор п-во 1,9 кг ""Диканське"" ЕЗ";кг;1.9;55.23;104.93;22.80;12.00
"Сієна 1 кг ""Диканське"" Е4";кг;1;68.06;68.06;3.00;3.00
"Сієна шоколад 1 кг ""Диканське"" Е4";кг;1;71.79;71.79;17.00;17.00
"Українське п-во 3,3 кг ""Диканське""";кг;3.3;31.71;104.65;52.80;16.00
"Українське п-во 5.2кг ""Диканське”";кг;5.2;30.39;158.02;62.40;12.00
юфасовка;;;;;;
"Диканське з родзинками фасоване 290г*24уп ""Диканс";шт;1;12.17;12 17;27.00;27.00
"Диканське фасоване 130г*45уп ""Диканське";шт;1;4.80;4.80;56.00;56.00
"Малюки фасоване 250г*27уп. ""Диканське""";шт;1;9.11;9.11;47.00;47.00
"Поцілунки фас. 180г*36уп. ""Диканське""";шт;1;8.45;8.45;4.00;4.00
"Фруктінка фасоване 162г*42уп ""Диканське одуїп ТОРГ";шт;1;8.61;8.61;48.00;48.00
ЗАХІД ТОРГ;;;;;;
Жув гум Stimorol original Мікс 10г*30б*20ш/ЗАХІД;блок;1;100.49;100.49;5.00;5.00
Жув.гум Stimorol Кавун original 20г*24б*20ш/ЗАХІД;блок;1;122.98;122.98;5.00;5.00
Жув.гум Stimorol полуниця 20г*24б*20ш/ЗАХІД;блок;1;122.98;122.98;12.00;12.00
Жув.гум Хуба буба бпл.Турб Микс 10г*30бл*20ш/ЗАХІД;блок;1;95.00;95.00;67.00;67.00
Жув.гумк в банке TURBO с наклейк 4г*6бл*300ш/ЗАХІД;блок;1;314.50;314.50;5.00;5.00
Жув.гумка Centr shock Кавун кис4г*20бл.*100ш/ЗАХІД;блок;1;74.13;74.13;12.00;12.00
Жув.гумка Centr shock Полун.кис4г*20бл.*100ш/ЗАХІД;блок;1;74.13;74.13;12.00;12.00
Жув.гумка JAW Сгакегтути-фрут24г*12бл.*24шт/ЗАХІД;блок;1;112.90;112.90;12.00;12.00
Жув.гумка Love is Нептун накл 4г*10бл.*100шт/ЗАХІД;блок;1;53.22;53.22;15.00;15.00
Жув.цук Love is 8*40 фрукт+тат20г*8бл.*40шт/ЗАХІД;блок;1;169.34;169.34;7.00;7.00
Жув.цук Мини Юм 6,7г*8бл.*120шт/ЗАХІД;блок;1;145.15;145.15;1.00;1.00
Жув.цук Скитлс фрукти 10ґ*20бл.*24шт/ЗАХІД;блок;1;118.54;118.54;10.00;10.00
Жув.цукерка Електро Шок 5г*20бл.*60шт/ЗАХІД;блок;1;82.25;82.25;10.00;10.00
Жуйка Веселий кавун 4,5г*15бан*150шт/ЗАХІД;блок;1;132.32;132.32;24.00;24.00
Леденець на палич.Фрутов Микс 13г*12бл.*48шт/ЗАХІД;блок;1;254.45;254.45;6.00;6.00
Лед-ць газиров НЕОН+сяюча пал.10г*24бл.*30шт/ЗАХІД;блок;1;114.51;114.51;18.00;18.00
Мармеладное асорти Джелопи 25г*8бл*36шт/ЗАХІД;блок;1;151.20;151.20;1.00;1.00
Пузирі громадна палка 40см*6уп*24шт/ЗАХІД;блок;1;612.86;612.86;3.00;3.00
Турбо спиннер + драже 2г*24бл.*30шт/ЗАХІД;блок;1;112.90;112.90;1.00;1.00
Цукерка Токсическ.слизь кисла 25г*30бл.*20шт/ЗАХІД;блок;1;88.66;88.66;17.00;17.00
Ласощі;;;;;;
Карамель Ласощі з начинкою МІКС 2,5кг/Ласощі/9міс;кг;2.5;49.40;123.50;22.50;9.00
Карамель Фруттіно Апельсин 2,5кг/ 45/1 Ласощі/9міс;кг;2.5;48.36;120.90;22.50;9.00
Карамель Фруттіно Вишня 2,5кг/46/1 Ласощі/9міс;кг;2.5;48.36;120.90;20.00;8.00
Карамель Фруттіно Малина 2,5кг/ 53-1 Ласощі/9міс;кг;2.5;48.36;120.90;12.50;5.00
Карамель Фруттіно Мікс з начинк 2,5кг/ Ласощі/9міс;кг;2.5;49.40;123.50;7.50;3.00
Карамель Фруттіно Персик 2,5кг/48/1 Ласощі/9міс;кг;2.5;48.36;120.90;25.00;10.00
КарамельФруттіно Ч/смородина 2,5кг/50/1 Ласощі/9міс;кг;2.5;48.36;120.90;32.50;13.00
Фруктово-ягідна в цукрі 2,5кг/ Ласощі/міс;кг;2.5;46.28;115.70;5 00;2.00
ЛІСОВА КАЗКА;;;;;;
WHIMSY банан (Смешарики) ВАФ.ц-ки 2.2кг /ТМ ЛК;кг;2 2;76.86;169.09;39.60;18.00
WHIMSY зі смаком Паннакотти ц-ки 2,2кг /ТМ ЛК;кг;2.2;71.21;156.66;13.20;6.00
WHIMSY зі смаком Шарлотки ц-ки 2,2кг /ТМ ЛК;кг;2.2;71.21;156.66;11.00;5.00
WHIMSY молочні (Фіксики) ВАФ.ц-ки 2,2кг /ТМ ЛК;кг;2.2;76.86;169.09;118.80;54.00
АКЦІЯ Гулівер Мандрівник ваф. цукерки 2,2кг ЯМ ЛК;кг;2.2;0.01;0.02;2.20;1.00
Вафлі Артек ЕКРАН 3,5 кг ЯМ ЛК;кг;3.5;50.46;176.63;24.50;7.00
Вафлі Артек Харківський 3,5 кг ЯМ ЛК;кг;3.5;48.45;169.58;35.00;10.00
Вафлі Лісові з аром, лимона 3,5 кг /ТМ ЛК;кг;3.5;49.07;171.75;35.00;10:00
Ведмедик клишоногий цукерки ваф.2,2кг екр. /ТМ ЛК;кг;2.2;71.21;156.66;149.60;68:00
Веселий гулівер цукерки екран 2,2кг ЯМ ЛК;кг;2.2;69.27;152.40;37.40;17.00
Гулівер Мандрівник ваф. цукерки 2,2кг ЯМ ЛК;кг;2.2;64.24;141.33;149.60;68.00
Драже кремове 3*1 кг/Зкг ЯМ ЛК;кг;1;169.43;169.43;120.00;120.00
Драже молочно-шоколадим 4*1кг/4кгЯМ ЛК;кг;1;263.08;263.08;3.00;3.00
Зефір жув. Тучки ароматиз. 1,05кг ЯМ ЛК;кг;1.05;101.63;106.71;15.75;15.00
Зефір жув. Тучки-Штучки аром. 1,2кг ЯМ ЛК;кг;1.2;92.42;110.90;45.60;38.00
Зірочки Бекон фіг.вир.солоні Mr.CORN 1,2кг ЯМ ЛК;кг;1.2;79.72;95.67;6.00;5.00
Кільця ГРИБИ фіг.вир.солоні Mr.CORN 1,2кг ЯМ ЛК;кг;1.2;79.72;95.67;30.00;25.00
Крекер брезель з сіллю 1,5кг ЯМ ЛК;кг;1.5;53.64;80.46;31.50;21.00
Кульок МЯСО фіг.вир.солоні Mr.CORN 1,2кг ЯМ ЛК;кг;1.2;79.72;95.67;19.20;16.00
Лісова казка цукерки ваф.2,2кг ЯМ ЛК;кг;2.2;67.57;148.65;8.80;4.00
Мультісі КОКОС-ВЕРШКИ цукерки ваф.екр.2,2кг/ТМ ЛК;кг;2.2;71.21;156.66;37.40;17.00
Новорічна ніч вафельн. ц-ки глазур. 2,2кг ЯМ ЛК;кг;2.2;71.21;156.66;193.60;88.00
Печиво Союзне ваг.3,0кг ЯМ ЛК;кг;3;55.81;167.42;24.00;8.00
Подушечки круп'яні банан 1,8кгЯМЛК;кг;1.8;52.32;94.18;28.80;16.00
Подушечки круп'яні шоколад 1,8кг ЯМ ЛК;кг;1.8;52.32;94.18;27.00;15.00
Супермультісі асорті цукерки 6*1,0кг/6кг ЯМ ЛК;кг;1;74.77;74.77;17.00;17.00
Трубочки ваф. Молочні 2,5кг ЯМ ЛК;кг;2.5;60.60;151.51;40.00;16.00
Трубочки круп Чорного шок. та молока 2,0кг ЯМ ЛК;кг;2;60.59;121.18;12.00;6.00
Трубочки круп. Кави та молока 2,0кг ЯМ ЛК;кг;2;60.59;121.18;10.00;5.00
Трубочки круп. Чорного шок. та вишні 2,0кг ЯМ ЛК;кг;2;60.60;121.21;12.00;6.00
Трубочки круп. ШОКОЛАД 2,6кг ЯМ ЛК;кг;2.6;75.77;197.01;33.80;13.00
Трубочки круп.ПЛОМБІР 1,7кг ЯМ ЛК;кг;1.7;57.28;97.37;8.50;5.00
Трубочки круп.ПЛОМБІР 2,6кг ЯМ ЛК;кг;2.6;75.77;197.01;2.60;1.00
Трубочки круп.ШОКОЛАД 1,7кг ЯМ ЛК;кг;1.7;57.28;97.37;11.90;7.00
Тузик цукерки ваф.2,2кг ЯМ ЛК;кг;2.2;67.57;148.65;158.40;72.00
"Фруктозаврики асорті цукерки жув.6*1;6кг ЯМ ЛК";кг;1;77.40;77.40;23.00;23.00
Цукерки жуйні ФіксіМіх 6*1 кг/бкг ЯМ ЛК;кг;1;90.48;90.48;33.00;33.00
Чарівне більчатко з арах, ц-ки екран 2,2кг ЯМ ЛК;кг;2.2;76.86;169.09;165.00;75.00
Чарівниця зима ваф. ц-ки глазур. 2,2кг ЯМ ЛК;кг;2.2;71.21;156.66;176.00;80.00
Шиколетто згущ.молоко цукерки ваф.2,2кг ЯМ ЛК;кг;2.2;67.57;148.65;83.60;38.00
Шиколетто какао цукерки ваф.2,2кг /ТМ ЛК;кг;2.2;67.57;148.65;171.60;78.00
Яринка цукерки верш-полун. смак 2.2кг ЯМ ЛК;кг;2.2;67.57;148.65;110.00;50.00
яфасовка;;;;;;
Веселий гулівер цукерки 12* 0,500 кг ЯМ ЛК;шт;1;42.76;42.76;32.00;32.00
"Драже молочно-шоколадим см. 20*150г;3кг ЯМ ЛК";шт;1;49.07;49.07;52.00;52.00
"Драже молочно-шоколадим см. 50*50г;2,5кг ЯМ ЛК";шт;1;18.19;18.19;321.00;321.00
Зефір жув. Mini Mallows пломбір 4*0.8кг*3,2кЯМ ЛК;шт;1;132.63;132.63;4.00;4.00
Зефір жув. Вес.пружин.ПОЛУН.12*0,200/2.4кг ЯМ ЛК;шт;1;18.48;18.48;59.00;59.00
Зефір жув. Вес.пружин.ПОЛУН.20*0,075/1,5кг ЯМ ЛК;шт;1;7.62;7.62;26.00;26.00
"Зефір жув. Тучки-штучки аромат. 12*200г;2,4кгЯМ ЛК";шт;1;18.48;18.48;39.00;39.00
"Зефір жув. Тучки-штучки аромат.20*75г; 1,5кг ЯМ ЛК";шт;1;7.62;7.62;115.00;115.00
Зефір жув.Барбекю ван.8*0,25кг /2кгЯМ ЛК;шт;1;24.26;24.26;2.00;2.00
"Зефір жув.Дозки Confectum ар.16*62.5г; 1 кг ЯМ ЛК";шт;1;5.81;5.81;17.00;17.00
"Зефір жув.Дозки аромат.20*50г; 1 кг ЯМ ЛК";шт;1;5.81;5.81;28.00;28:00
Зефір жув.Зефирозиво пол.+бан4*(20*15г)1,2кг/ТМ ЛК;блок;1;68.11;68.11;42.00;42.00
Зефір жув.Пружинка ПЕРСИК 4-(20*15г) 1,2кг /ТМ ЛК;блок;1;61.92;61.92;20.00;20.00
Зефір жув.Пружинка ПОЛУНИЦЯ4-(20*15г) 1,2кг ЯМ ЛК;блок;1;61.92;61.92;18.00;18.00
Зефір жув.Фіксі Mallows абрикос 24*30г*0,720/ТМ ЛК;шт;1;4.64;4.64;186.00;186.00
Зефір жув.Фіксі Mallows пломбір 24*30г*0,720ЯМ ЛК;шт;1;4.64;4.64;239.00;239.00
Зефір жув.Фіксі Mallows полун. 24*30г*0,720АТМ ЛК;шт;1;4.64;4.64;229.00;229.00
Зефір.жув. Крейдочки суниця (12*0,2г) 2,4кгГГМ ЛК;шт;1;18.48;18.48;10.00;10.00
Зефір.жув. Крейдочки суниця 20*0,075г, 1,5кг/ТМ ЛК;шт;1;7.62;7.62;63.00;63.00
Крекер брезель СІЛЬ 20*200 г*4кг/ТМ ЛК;шт;1;13.39;13.39;63.00;63.00
Крекер брезель солодкий 25*40 г*1кг/ТМ ЛК;шт;1;4.02;4.02;25.00;25.00
"Набір подарунк. ""Ліхтарик""4*0,5кг; 2кг/ТМ ЛК";шт;1;98.92;98.92;16.00;16.00
"Набір подарунк. ""Фіксики"" 6*275г;1,65кг/ТМ ЛК";шт;1;63.93;63.93;13.00;13.00
"Набір подарунк.""Теремок"" 6*350г; 2,1кг/ТМ ЛК";шт;1;68.58;68.58;10.00;10.00
"Набір подарунк.""Ялинка"" 16*200г; 3,2кг/ТМ ЛК";шт;1;46.59;46.59;24.00;24.00
Торт НАТУСІК фундук 6*(12*45г)-3,24кг /ТМ ЛК;блок;1;63.16;63.16;7.00;7.00
Тортік НАТУТІК з фундуком 6*(12*45г)-3,24кг /ТМ ЛК;блок;1;63.16;63.16;5.00;5.00
"Фартики -змійки цукерки желе ТУБ 6*0,5;3кг /ТМ ЛК";шт;1;59.79;59.79;5.00;5.00
"Фартики -черв'яки цукерки желе 6*0,5;3кг /ТМ ЛК";шт;1;59.79;59.79;5.00;5.00
Цукерки жуйні ФіксіМіх (8-0.6кг) 4,8кг/ТМ ЛК;блок;1;152.32;152.32;14.00;14.00
СВІТ КОМПАНІ;;;;;;
Американо печиво 2.5 кг ТМ Світ Компані;кг;2.5;52.32;130.80;35.00;14.00
Американо шоколад печиво 2,5 кгТМ Світ Компані;кг;2.5;55.01;137.53;37.50;15.00
Гармонія глазур, печиво 3,0 кг ТМ Світ Компані;кг;3;59.35;178.04;60.00;20.00
До чаю пряжене молоко печиво 4 кг ТМ Світ Компані;кг;4;35.24;140.94;100.00;25.00
До чаю шоколадне печиво 4 кг ТМ Світ Компані;кг;4;39.91;159.62;80.00;20.00
Дует печиво 4,0 кг ТМ Світ Компані;кг;4;43.12;172.48;100.00;25.00
Кільце глазуров. печиво 3,0 кг ТМ Світ Компані;кг;3;59.35;178.04;60.00;20.00
Курабье печиво 3,0 кг ТМ Світ Компані;кг;3;43.08;129.24;60.00;20.00
Ласуня з банан нач. печиво 4кг ТМ Світ Компані;кг;4;40.96;163.85;100.00;25.00
Ласуня з ваніл. начин, печиво 4кг ТМ Світ Компані;кг;4;40.96;163.85;60.00;15.00
Ласуня з шокол.нач. печиво 4 кг ТМ Світ Компані;кг;4;41.14;164.57;80.00;20.00
Ласуня шоколадне печиво 2,5 кг ТМ Світ Компані;кг;2.5;63.78;159.45;47.50;19.00
Марсель печиво 3,0 кг ТМ Світ Компані;кг;3;65.61;196.84;60.00;20.00
Обжора з полунич. нач.печиво 4,0кг ТМ Світ Компані;кг;4;36.85;147.39;80.00;20.00
Сніжок печиво 3,0 кг ТМ Світ Компані;кг;3;41.08;123.24;60.00;20.00
Столичне глазуров. печиво 3,0 кг ТМ Світ Компані;кг;3;56.92;170.75;60.00;20.00
Чародійка печиво 4,0 кг ТМ Світ Компані;кг;4;45.26;181.04;80.00;20.00
Чемпіон печиво 3,5 кг ТМ Світ Компані;кг;3.5;35.44;124.05;70.00;20.00
Ювілейне з горіхом печиво 4кг ТМ Світ Компані;кг;4;37.86;151.43;60.00;15.00
Ювілейне кокос печиво 4.0кг ТМ Світ Компані;кг;4;35.55;142.20;60.00;15.00
я Фасовка ;;;;;;
До чаю пряж. мол. печиво 0,185 кг ТМ Світ Компані;шт;1;6.75;6.75;70.00;10
Сергис;;;;;;
Антошка тістечко 2кг Сергис бОдн;кг;2;62.50;124.99;;
Аромат миндаля печиво 3,0кг Сергис;кг;3;49.73;149.18;;
Ассорти №1 печиво 0,750кг Сергис 45дн;кг;0.75;60.21;45.16;14.25;19.00
Ассорти №1 печиво 0,8кг Сергис 45дн;кг;0.8;53.46;42.77;;
Ассорти №2 печиво 0,8кг Сергис;кг;0.8;53.95;43.16;12.80;16.00
Ассорти №3 печиво 0,8кг Сергис;кг;0.8;56.38;45.10;5.60;7.00
Ассорти №4 печиво 0,7кг Сергис;кг;0.7;58.15;40.70;9.80;14.00
Ассорти №5 печиво 0,780кг Сергис;кг;0.78;62.48;48.73;;
Ассорти №6 печиво 0,690кг Сергис;кг;0.69;68.74;47.43;3.45;5.00
Бантик печиво 1,5кг Сергис;кг;1.5;50.48;75.71;;
Березка рулет 1,5кг Сергис 15дн;кг;1.5;63.84;95.76;4.50;3.00
Болеро печиво 2кг Сергис;кг;2;51.58;103.17;;
Буратино печиво 1,5кг Сергис;кг;1.5;53.14;79.70;12.00;8.00
Бусинка печиво 2,5 кг Сергис;кг;2.5;43.81;109.52;12.50;5.00
Бусинка печиво 2,7 кг Сергис;кг;2.7;43.16;116.52;;
Вівсяне печиво 2,5кг Сергис;кг;2.5;34.99;87.48;;
Візаві тістечко 1,5кг Сергис 15дн;кг;1.5;62.90;94.35;;
Вікторія тістечко 2кг Сергис 15дн;кг;2;66.53;133.06;20.00;10.00
Вкусняшка Тістечкої ,5кг Сергис;кг;1.5;61.82;92.74;;
Волна (ДО ПОСТУ)печиво 2,5кг Сергис бОдн;кг;2.5;41.73;104.32;;
Волна печиво 2,5кг Сергис бОдн;кг;2.5;43.81;109.52;32.50;13.00
Вулканчик тістечко 2кг Сергис бОдн;кг;2;58.46;116.93;;
Гномик печиво 2,5кг Сергис;кг;2.5;43.81;109.52;5.00;2.00
Гномик печиво 2,7кг Сергис;кг;2.7;41.86;113.03;;
Дубочек тістечко 2,0 кг Сергис 15дн;кг;2;63.84;127.68;16.00;8.00
Дуняша печиво 3,0кг Сергис бОдн;кг;3;41.47;124.42;;
Дюймовочка печиво 2,5кг Сергис;кг;2.5;47.05;117.62;17.50;7.00
Дюймовочка печиво 2,7кг Сергис;кг;2.7;45.36;122.47;;
Ёжик печиво 3,0 кг Сергис;кг;3;48.99;146.98;18.00;6.00
Зебра печиво 2,7 кг Сергис;кг;2.7;42.13;113.76;;
Зіронька печиво 2,0кг Сергис;кг;2;46.66;93.31;16.00;8.00
Капелька печиво 1,5кг Сергис;кг;1.5;49.51;74.26;3.00;2.00
Капитошка печиво 2,5кг Сергис;кг;2.5;53.27;133.18;17.50;7.00
Капитошка-веселка печиво 2,5кг Сергис;кг;2.5;53.27;133.18;2.50;1.00
Кармен Тістечко 1,5кг Сергис 15дн;кг;1.5;66.53;99.79;10.50;7.00
Карпатики-Сергис Тістечко 1.5кг Сергис 15дн;кг;1.5;63.43;95.15;21.00;14.00
Кекс з родзинками 2,5кг Сергис;кг;2.5;58.32;145.80;;
Кокетка печиво Зкг Сергис;кг;3;60.66;181.97;12.00;4.00
Коровка печиво 2,0кг Сергис;кг;2;49.25;98.50;;
Кохана трубочка з вершковим кремом 1,5кг Сергис;кг;1.5;46.37;69.55;;
Кохана трубочка з вершковим кремом 2,2кг Сергис;кг;2.2;62.86;138.28;;
курузное печиво 2,2кг Сергис ЗОдн;кг;2.2;43.16;94.95;24.20;11.00
Кукурузное печиво 2кг Сергис ЗОдн;кг;2;43.16;86.32;2.00;1.00
Ласуня тістєчкої ,5кг Сергис;кг;1.5;63.84;95.76;12.00;8.00
Магнолія печиво Зкг Сергис;кг;3;52.62;157.87;6.00;2.00
Мальва печиво Зкг Сергис;кг;3;46.66;139.97;21.00;7.00
Меренга в ассортимент! печиво 1,1кг Сергис бОдн;кг;1.1;55.22;60.74;2.20;2.00
Меренга в ассортимент! печиво 1,2кг Сергис бОдн;кг;1.2;55.22;66.26;0.10;0.08
Милашка печиво 2,5кг Сергис;кг;2.5;44.06;110.16;;
Минутка печиво 2,5кг Сергис;кг;2.5;43.81;109.52;17.50;7.00
Моніка вишня Тістечко 1,5кг Сергис;кг;1.5;65.18;97.78;;
Моніка лимон Тістечко 1,5кг Сергис;кг;1.5;65.18;97.78;;
Монро печиво (безе) 1,0 кг Сергис;кг;1;56.77;56.77;;
Наречена трубочка з згущ.молоком 2,2кг Сергис;кг;2.2;59.62;131.16;;
Орешек печиво 2 кг Сергис (30);кг;2;55.08;110.16;20.00;10.00
Перлина печиво 3 кг Сергис бОдн;кг;3;47.82;143.45;21.00;7.00
"Печиво ""Домашне со злаками"" 2,5кг Сергис";кг;2.5;41.08;102.70;;
Пташине молоко Тістечко 1,5кг Сергис (15);кг;1.5;67.20;100.80;;
Пташине молоко Тістечко 1,7кг Сергис (15);кг;1.7;65.18;110.81;;
Пчелка Тістечко 1,5кг Сергис ЗОдн;кг;1.5;71.90;107.86;6.00;4.00
Сашенька тістечко 1,5 кг Сергис;кг;1.5;57.79;86.69;;
Святкове печиво 1,5кг Сергис бОдн;кг;1.5;50.16;75.23;;
Слойка з вишнею печиво 1,8кг Сергис;кг;1.8;65.35;117.64;;
Слойка з курагой печиво 1,8кг Сергис;кг;1.8;65.35;117.64;;
Тірамісу Тістечко 1,5кг Сергис;кг;1.5;72.58;108.86;;
ФієстаТістечко 2кг Сергис;кг;2;65.18;130.37;2.00;1.00
Флірт Тістечко 2,5кг Сергис;кг;2.5;64.51;161.28;;
Чайная роза печиво Зкг Сергис бОдн;кг;3;44.78;134.34;;
Чебурашка тістечко 1,5 кг Сергис;кг;1.5;59.14;88.70;21.00;14.00
Шагане Вафлі 2,1 кг Сергис;кг;2.1;67.39;141.52;;
Шоколадное тістечко 1,5 кг Сергис;кг;1.5;67.87;101.81;4.50;3.00
Стимул;;;;;;
"Арахіс Рижик 1,5кг КФ ""Стимул""(435)";кг;1.5;58.81;88.22;;
"Арахіс Рижик Зкг КФ ”Стимул""(68)";кг;3;58.81;176.44;;
"Арахіс у кунжуті 1,5кг КФ""Стимул""(307)";кг;1.5;90.17;135.25;;
"Вафлі Артек 4,5кг КФ ""Стимул""(329)";кг;4.5;49.14;221.13;;
"Грильяж Лакомка 1,5кг КФ""Стимул''(626)";кг;1.5;79.25;118.87;;
"До кави набір цукерок Зкг КФ""Стимул""(491)";кг;3;77.77;233.30;;
"До чаю набір цукерок Зкг КФ""Стимул""(513)";кг;3;83.46;250.38;;
"Драже ""Арахіс у как-порошк"" 2кг КФ""Стимул""(265)";кг;2;75.66;151.32;4.00;2.00
"Драже желейне ""Холодок"" 1,3кг КФ""Стимул""(637)";кг;1.3;49.06;63.78;18.20;14.00
"Драже набір №2 4кг КФ""Стимул""(744)";кг;4;62.56;250.22;16.00;4.00
"Драже""Морські камінці"" 2кг КФ""Стимул""(292)";кг;2;67.63;135.25;2.00;1.00
"Драже""Соняшн. у как-порош."" 2кг КФ""Стимул""(266)";кг;2;52.73;105.46;14.00;7.00
"Еспресо цукерки 1,5кг КФ""Стимул""(336)";кг;1.5;83.15;124.72;;
"Зефір ""Біло-рожевий"" 2,5кг КФ""Стимул""(72)";кг;2.5;50.62;126.56;5.00;2.00
"Зефір ""Глясе"" 1,2кг КФ""Стимул""(482)";кг;1.2;66.77;80.12;2.40;2.00
"Зефір ""У глазурі"" 2,4кг КФ""Стимул""(74)";кг;2.4;75.43;181.02;26.40;11.00
"Зимова Вишня цукер. 1,7кг КФ""Стимул""(701)";кг;1.7;104.83;178.21;;
"Ірис ""Золотий ключик"" 2кг КФ""Стимул""(31)";кг;2;62.63;125.27;;
"Ірис Вершковий 1,4кг КФ""Стимул""(684)";кг;1.4;54.37;76.11;;
"Козинак Соняшник 1,5кг КФ""Стимул""(395)";кг;1.5;74.18;111.27;;
"Мармелад ""Желейн. формов."" 1,9кг КФ""Стимул""(281)";кг;1.9;52.88;100.48;34.20;18.00
"Мармелад ""Славутич"" 2,7кг КФ""Стимул""(93)";кг;2.7;56.24;151.84;;
"Мармелад ""Цитрус"" 0,95кг КФ""Стимул""(450)";кг;0.95;92.35;87.73;;
"Мармелад ""Ягідка"" 1,5кг КФ""Стимул""(69)";кг;1.5;98.83;148.24;28.50;19.00
"Рахат-лукум асорті 2,5кг КФ""Стимул""(402)";кг;2.5;53.35;133.38;5.00;2.00
"Ромашка Стим. цук. глаз. пом.1,7кг КФ""Стимул""(455)";кг;1.7;77.30;131.41;3.40;2.00
"Солоденька Му мол-жел. цук. 1,7кг КФ""Стимул""(608)";кг;1.7;80.65;137.11;18.70;11.00
"Сонячн. Віночок цукер. 2кг КФ""Стимул""(132)";кг;2;79.17;158.34;;
"Столичні цукерки"" 1,35кг КФ""Стимул""(313)";кг;1.35;89.31;120.57;;
"Стріла Дніпровська цукер. 1,1кг КФ”Стимул""(321)";кг;1.1;100.70;110.77;;
"Стріла Дніпровська, цукер. 2кг КФ""Стимул""(88)";кг;2;99.37;198.74;6.00;3.00
Фасовка;;;;;;
"Драже желейн.""Like Холодок”фас КФ""Стимул""(649)";шт;1;3.59;3.59;;
"ДражеТіке Арах.у как-пор."" 0,05кг КФ""Стимул""(647)";шт;1;4.45;4.45;30.00;30.00
"ДражеТіке Арахіс Рижик"" 0,05кг КФ""Стимул""(670)";шт;1;4.21;4.21;20.00;20:00
"ДражеТіке Веселка"" 0,06кг КФ""Стимул""(669)";шт;1;4.91;4.91;6.00;6.00
"ДражеТіке Мікс"" 0,05кг КФ""Стимул""(650)";шт;1;3.43;3.43;6.00;6.00
"ДражеТіке Морськ. камінц"" 0,06кг КФ""Стимул""(648)";шт;1;4.76;4.76;9.00;9.00
"Еспресо цукерки 0,175кг КФ""Стимул""(333)";шт;1;20.28;20.28;16.00;16.00
"Стріла Дніпровська цукер. 0,235кг КФ""Стимул""(318)";шт;1;50.54;50.54;;
"Цук. двош. пом - жел. ""Kiss” 1,8кг КФ""Стимул""(800)";кг;1.8;98.12;176.62;5.40;3.00
"Цук.Мол-жел з арах. WOW глаз. 1,3кг КФ""Стимул""(672)";кг;1.3;87.05;113.16;;
"Цукерковий набір 3,6 кг КФ""Стимул""(459)";кг;3.6;81.74;294.28;93.60;26.00
ТМ R&V(леденец);;;;;;
АКЦІЯ Льодяник Монпасье туб 30г (6шт/1уп) /ТМ R&V;блок;1;0.01;0.01;19.00;19.00
Асорті кольорове (60шт/1уп) /ТМ R&V;блок;1;246.25;246.25;13.00;13.00
Букви 30г 2-ох кол. (30шт/1уп) ТМ R&V;блок;1;114.58;114.58;5.00;5.00
Дін Дон в тубусі 30г (12шт/1уп) ЯМ R&V;блок;1;48.62;48.62;25.00;25.00
Зайчики кольорові 30г (30шт/1уп) ЯМ R&V;блок;1;118.24;118.24;22.00;22.00
Зайчики кольорові 30г (60шт/1уп) ЯМ R&V;блок;1;231.66;231.66;8.00;8.00
Звірята 1 уп. (60шт/1уп) ЯМ R&V;блок;1;231.66;231.66;8.00;8.00
Звірята 30г (30шт/1уп) ЯМ R&V;блок;1;118.24;118.24;10.00;10.00
ЛІХТАРИКИ вагові 1кгЯМ R&V;блок;1;103.74;103.74;19.00;19.00
Льдяник кольор.СМАЙЛИК 30г (40шт/1уп) ЯМ R&V;блок;1;153.92;153.92;15.00;15.00
Льдяник Монпасье 30г (36шт/1уп) ЯМ R&V;блок;1;146.86;146.86;75.00;75.00
Льдяник Монпасье в тубусі 30г (12шт/1уп) ЯМ R&V;блок;1;48.95;48.95;8.00;8.00
Льдяник-ЛІХТАР Машина мала 12г (100шт/1уп) ЯМ R&V;блок;1;203.14;203.14;1.00;1.00
Льдяник-ЛІХТАРИКИ відерце 12г (150шт/1уп) ЯМ R&V;блок;1;232.70;232.70;11.00;11.00
Льдяник-ЛІХТАРИКИ кошичокМ 12г (150шт/1уп) ЯМ R&V;блок;1;204.75;204.75;13.00;13.00
Льдяник-ЛІХТАРИКИ самоскид 12г (150шт/1уп) ЯМ R&V;блок;1;296.73;296.73;16.00;16.00
Льдяник-ЛІХТАРИКИ тубус 12г (140шт/1уп) ЯМ R&V;блок;1;191.10;191.10;15.00;15.00
Мемедики 30г (ЗОшт/Іуп) ЯМ R&V;блок;1;118.24;118.24;16.00;16.00
Півники 30г (ЗОшт/Іуп) ЯМ R&V;блок;1;118.24;118.24;24.00;24.00
Півники 80г + іграшка (ЗОшт/Іуп) ЯМ R&V;блок;1;438.75;438.75;20.00;20.00
Ромашка 2-ох кол. 40г (40шт/1уп) ЯМ R&V;блок;1;199.16;199.16;5.00;5.00
Фіксики 40г (40шт/1 уп) ЯМ R&V;блок;1;182.52;182.52;17.00;17.00
Фараон;;;;;;
Драже JOJO Любов це СМС Згр*36бл*60штФараон;блок;1;41.06;41.06;12.00;12.00
Драже JOJO Помадка Мікс 12гр*24бл*24штФараон;блок;1;101.43;101.43;18.00;18.00
Драже JOJO CARNIVAL POPCORN 10гр*12бл*50штФараон;блок;1;170.94;170.94;1.00;1.00
Драже Арас Тубус Фіксики 12гр*12бл*24штФараон;блок;1;87.64;87.64;6.00;6.00
Драже Веселка Саадет тубус 12гр*12бл*24штФараон;блок;1;75.67;75.67;7.00;7.00
Драже Лав Бон (Тік-Так) Арас 14гр*24бл*18штФараон;блок;1;56.61;56.61;6.00;6.00
Драже Лав Бон Серце Арас 10гр*12бан*48штФараон;блок;1;123.84;123.84;11.00;11.00
Драже Олівець з драж Міні Арас15гр*12бл*24штФараон;блок;1;121.93;121.93;9.00;9.00
Драже Олівець Машинки Арас15гр*12бл*24штФараон;блок;1;117.58;117.58;2.00;2.00
Драже Саад.тубус Містер і Місс12гр*12бл*24штФараон;блок;1;75.67;75.67;8.00;8.00
Драже Хіп Хол Арас 12гр*12бл*24штФараон;блок;1;82.89;82.89;12.00;12.00
Драже Хіп Хоп Арас 12гр*6бл*50штФараон;блок;1;182.35;182.35;6.00;6.00
Драже Це Це Бон у блистері 22гр*12бл*24штФараон;блок;1;128.60;128.60;8.00;8.00
Жув цук Zazuage з Тату 10,8гр*12бл.*50шт. Фараон;блок;1;125.74;125.74;7.00;7.00
Жув цук Лімбо Асорті м'яка 20гр*8 банМОштФараон;блок;1;142.89;142.89;6.00;6.00
Жув цук Шумі Монетки 12бан*1012г(12,14кг)Фараон;блок;1;210.93;210.93;4.00;4.00
Жувал. цук. Фрутишка Саадет25гр*12бл.*24шт. Фараон;блок;1;83.83;83.83;11.00;11.00
Жуйка Бай Балон Асорті з ТАТТО 18гр*24бл*20шт;блок;1;71.44;71.44;3.00;3.00
Жуйка- Краска Бай Балон Полуниця 6гр*24бл*40шт;блок;1;60.02;60.02;11.00;11.00
Жуйка Крезі з великою ТАТУ 2,5гр*24бл*100штФараон;блок;1;58.38;58.38;54.00;54.00
Жуйка Лав із Апельсин-Ананас Кент 4,2гр*20бл*100шт;блок;1;128.03;128.03;1.00;1.00
Жуйка Лав із Полуниця-Банан Кент 4,2гр*20бл*100шт;блок;1;128.02;128.02;1.00;1.00
Жуйка ЛюбовЦе Кокос-Ананас4,2гр*20бл*100штФараон;блок;1;60.88;60.88;18.00;18.00
Жуйка Монстер Шок Кавун 3,5гр*20бл*100шт;блок;1;70.59;70.59;9.00;9.00
Жуйка Монстер Шок Ожина 3,5гр*20бл*100шт;блок;1;70.59;70.59;8.00;8.00
Жуйка Монстер Шок Полуниця 3,5гр*20бл*100шт;блок;1;70.59;70.59;12.00;12.00
Жуйка Монстер ШокТутті Фрутті 3,5гр*20бл*100шт;блок;1;75.45;75.45;3.00;3.00
Жуйка Назар Асорті 5гр*20бл*100шт Фараон;блок;1;92.38;92.38;7.00;7.00
Жуйка Назар Ожина 5гр*20бл*100шт Фараон;блок;1;92.38;92.38;1.00;1.00
Жуйка О Фреш Банка Асорті 5гр*8бан*200шт Фараон;блок;1;217.35;217.35;3.00;3.00
Жуйка 0 Фреш Дисплей Асорті 5гр*40бл*50шт Фараон;блок;1;51.08;51.08;31.00;"31;00"
Жуйка Олівець Райдуга 15гр*12бл*24шт Фараон;блок;1;109.68;109.68;6.00;6.00
Жуйка фрукт.ТУРБО + тату 4,5гр*6бл*300шт Фараон;блок;1;335.31;335.31;1.00;1.00
Жуйка Шок Шок Вишня 4гр*20бл*100шт Фараон;блок;1;74.95;74.95;5.00;5.00
Жуйка Шок Шок Полуниця 4гр*20бл*100шт Фараон;блок;1;74.95;74.95;5.00;5.00
Жуйка-пласт. Pepermint 3,5гр*12бл*100штФараон;блок;1;87.86;87.86;1.00;1.00
Жуйка-пласт. Повергум Мята Згр*6бан*300штФараон;блок;1;212.29;212.29;1.00;1.00
Жуйка-пласт. Повергум ПолуницяЗгр*6бан*300штФараон;блок;1;227.01;227.01;2.00;2.00
Зефір-Сердце Love is Зеф. люб 10г*20бл*30шт Фараон;блок;1;134.89;134.89;9.00;9.00
Кисла п'ятка JOJO льод. палк. 9гр*12бл*24штФараон;блок;1;88.45;88.45;9.00;9.00
Кислиця Асорті Саадет 3,5гр*20бл*100штФараон;блок;1;73.16;73.16;6.00;6.00
Кислиця Чорниця Саадет 3,5гр*20бл*100штФараон;блок;1;67.93;67.93;2.00;2.00
Мармел. Стрічка Полуниця 20гр*8бл*48шт Фараон;блок;1;200.04;200.04;4.00;4.00
Мармеладна Пал. Асор БЕЗ ЦУКР10гр*8бл*150шт Фараон;блок;1;185.75;185.75;2.00;2.00
Мармеладна Стрічка мікс ЦУКР 10гр*8бл*150шт Фараон;блок;1;185.75;185.75;4.00;4.00
Турбо машинка фігур.KING EGG15rp*12бл*24шт Фараон;блок;1;161.28;161.28;6.00;6.00
Ц-ка на пал.Парті Тайм Ананас 16гр*6бл*100штФараон;блок;1;206.21;206.21;3.00;3.00
Ц-ка на пал.ПартіТайм Полуниця 16гр*6бл*100штФараон;блок;1;206.21;206.21;3.00;3.00
Ц-ка на пал.Супер Гум Асорті 16гр*6бл*100штФараон;блок;1;206.22;206.22;7.00;7.00
Цукерка Браслет-Соска 8гр*6бл*100штФараон;блок;1;258.61;258.61;5.00;5.00
Цукерка на палочці ФІТО (банка)10гр*6бл*120штФарао;блок;1;159.22;159.22;7.00;7.00
Червяки Саадет Джелоппі 12бан*600гр Фараон;блок;1;113.32;113.32;13.00;13.00
Шок.фігур.HappyNewYeai-ДідМороз 60гр*6бл*12штФараон;блок;1;198.14;198.14;14.00;14.00
Шокол. Яйце сюрпр. М і В Новор25гр*6бл*24шт Фараон;блок;1;133.36;133.36;8.00;8.00
Шокол.фігур Merry Chris НОВОР.15гр*12бл*24штФараон;блок;1;190.52;190.52;21.00;21.00
Шокол.Яйце сюрп ФІКС Новор. 25гр*6бл*24шт Фараон;блок;1;133.36;133.36;1.00;1.00
Шокол.Яйце Щеняч Патрул Новор 25гр*6бл*24шт Фараон;блок;1;132.42;132.42;2.00;2.00
Шоколад, фігур М і В НОВОРІЧНА 30гр*6бл*24штФараон;блок;1;217.19;217.19;5.00;5.00
Шоколадна фігурка Дід Мороз 30гр*6бл*24штФараон;блок;1;217.19;217.19;26.00;26.00
Шоколадне Яйце М і В 60гр*6бл*12штФараон;блок;1;204.31;204.31;10.00;10.00
Шоколадне Яйце Фіксики 60гр*6бл*12штФараон;блок;1;204.31;204.31;3.00;3.00
Яйце сюрприз Асорті А[\11_25гр*6бл*24шт Фараон;блок;1;132.62;132.62;6.00;6.00
Яйце сюрприз БАРБ Арас 25гр*6бл*24шт Фараон;блок;1;137.17;137.17;5.00;5.00
Яйце King Egg LOVE is 15гр*12бл*24шт Фараон;блок;1;173.88;173.88;6.00;6.00
Яйце King Egg МІМ 15гр*12бл*24шт Фараон;блок;1;176.36;176.36;12.00;12.00
Яйце MINI Egg 30гр*14бл*12шт Фараон;блок;1;204.71;204.71;9.00;9.00
Яйце проз.плас арас Метелики 10г*6бл*12шт Фараон;блок;1;228.62;228.62;3.00;3.00
Яйце проз.плас арас Модн. Малюк10г*6бл*12шт Фараон;блок;1;228.62;228.62;4.00;4.00
ШОКОЛАДНО;;;;;;
Angello ц-ки з ціл.мигд. ф/п 1.7кг Шоколадно 6 мес;кг;1.7;143.00;243.10;5.10;3.00
Cream Манго цукерки вагові 1,5кг Шоколадно 6 мес;кг;1.5;102.31;153.47;18.00;12.00
Cream Полуниці цукерки ваговії,5кг Шоколадно 6 мес;кг;1.5;102.31;153.47;7.50;5.00
Cream Тоффі цукерки ваговії ,5кг Шоколадно 6 мес;кг;1.5;102.31;153.47;10.50;7.00
Cream Шампанськ цукерк.ваговії ,5кг Шоколадно 6 мес;кг;1.5;102.31;153.47;21.00;14.00
Cream Шоколад цукерки ваговії,5кг Шоколадно 6 мес;кг;1.5;102.31;153.47;3.00;2.00
Crocant цукерки вагові 1,7кг Шоколадно 6 мес;кг;1.7;91.26;155.14;42.50;25.00
Natella Golden nuts ц-ки ф/п 1,7кг Шоколадно 6 мес;кг;1.7;98.22;166.98;3.40;2.00
Natella цукерки ф/п 1,7кг Шоколадно 6 мес;кг;1.7;107.18;182.21;13.60;8.00
Praline Coffee Cream ц-ки ф/п 1.5 кг Шоколадно;кг;1.5;102.31;153.47;1.50;1.00
Praline Cream ц-ки ф/п 1.5 кг Шоколадно;кг;1.5;100.95;151.43;;
Praline Nut з арахісом ц-ки ф/п 1.5 кг Шоколадно;кг;1.5;102.31;153.47;1.50;1.00
Provance цукерки ф/п 1.7 кг Шоколадно;кг;1.7;107.18;182.21;28.90;17:00
Sherry Апельс.трюфель ц- ки 1,5кг Шоколадно 6 мес;кг;1.5;102.31;153.47;16.50;11:00
Sherry Вишнев.трюфель ц- ки 1,5кг Шоколадно 6 мес;кг;1.5;102.31;153.47;13.50;9.00
Shoki ц- ки (вагові) 2,0кг Шоколадно 6 мес;кг;2;85.06;170.12;4.00;2.00
Smaki ц- ки (вагові) 2,0кг Шоколадно 6 мес;кг;2;85.06;170.12;10.00;5.00
VinSento цукерки ф/п 1,7кг Шоколадно 6 мес;кг;1.7;99.57;169.27;5.10;3.00
Бонайро цукерки (вагові) 1.5 кг Шоколадно;кг;1.5;102.31;153.47;1.50;1.00
Веласко цукерки ф/п 1,7кг Шоколадно 6 мес;кг;1.7;96.85;164.65;;
Вершковий кокт. Бан.-Шок. цук ф/п 1 ,7кгШоколадно;кг;1.7;93.34;158.68;20.40;12.00
Вершковий кокт. Пол-Вершки цук ф/п 1 ,7кгШоколадно;кг;1.7;93.34;158.68;20.40;12:00
Вершковий кокт. Фіст-Карам. цук ф/п 1 ,7кгШоколадно;кг;1.7;93.34;158.68;;
Горіхові мрії цукерки ваг. 1,7кг Шоколадно 6 мес;кг;1.7;143.00;243.10;1.70;1.00
Грильяж цукерки (вагова) 1,7кг Шоколадно 6 мес;кг;1.7;89.89;152.81;;
Гуцулочка цукерки (вагова) 1,5кг Шоколадно 6 мес;кг;1.5;89.46;134.19;;
Гуцулочка цукерки (вагова) 1,7кг Шоколадно 6 мес;кг;1.7;81.58;138.69;5.10;3.00
Даринка цукерки (вагова)1,7кг Шоколадно 6 мес;кг;1.7;78.85;134.05;6.80;4.00
Казковий півник цукерки (ваг) 1,5кг Шоколадно 6 мес;кг;1.5;77.48;116.22;10.50;7.00
Кармель цукерки (ваг)1,7кг Шоколадно 6 мес;кг;1.7;100.95;171.62;15.30;9.00
Кокос.десерт Бамбу ц-ки (ваг)1,5кг Шоколадно 6 мес;кг;1.5;102.55;153.83;;І
Кокос.десерт Бамбу ц-ки (ваг)1,7кг Шоколадно 6 мес;кг;1.7;95.43;162.23;1.70;1.00
Мануєль цукерки ф/п 1,7кг Шоколадно 6 мес;кг;1.7;95.43;162.23;;
Марічка цукерки вкус ром ф/п 1,5кг Шоколадно 6 мес;кг;1.5;77.48;116.22;12.00;8.00
Метеорит цукерки (вагова)1,7кг Шоколадно 6 мес;кг;1.7;84.37;143.43;;
Мигдалинка крем-брюле глаз, цукерки ф/п 1,7кг Шоко;кг;1.7;91.26;155.14;8.50;5.00
Мигдалинка мол.-шок. глаз.цук ф/п 1,7кг Шоколадно;кг;1.7;92.69;157.57;;
Мон Плезір цукерки ф/п 1,7кг Шоколадно;кг;1.7;96.85;164.65;;
Нівушка цукерки ф/п 1,7кг Шоколадно;кг;1.7;92.69;157.57;11.90;7.00
Паленсо Ваг шокол-ваф. цукерки 1,4кг Шоколадно;кг;1.4;94.77;132.68;2.80;2.00
Смак кави цукерки (ваг)1 5кг Шоколадно 6 мес;кг;1.5;77.48;116 22;4.50;3.00
ФАСОВКА;;;;;;
Angella цукерки 17*0.195 кг Шоколадно 6;кг;0.195;257.47;50.21;0.59;3.00
Natella golden nut цукерки 12*0,250 кг Шоколадно 6;кг;0.25;163.74;40.94;;
"Provance ""ФАС"" цукерки ф/п 12*0,150 кг Шоколадно 6";кг;0.15;204.82;30.72;0.15;1.00
"Provance ""ФАС"" цукерки ф/п 12*0,200 кг Шоколадно 6";кг;0.2;197.07;39.41;1.80;9.00
"Provance ""ФАС"" цукерки ф/п 12*0,250 кг Шоколадно 6";кг;0.25;170.95;42.74;;
Асорті цукерки для героїв 12*0,250кг Шоколадно 6;кг;0.25;154.64;38.66;1.00;4.00
Казковий світ асорт цукерки 12*0,250кг Шоколадно 6;кг;0.25;154.64;38.66;0.75;3.00
Кокос.десерт Бамбу ц-ки 8*250г/2кг Шоколадно 6 мес;кг;0.25;141.05;35.26;0.25;1.00
"Цукерки ""Candy mix"" 12*300г/ Шоколадно 6 мес";кг;0.3;156.26;46.88;7.50;25:00
Цукерки Паленсо bar 22*125г/ Шоколадно 6 мес;кг;0.125;162.11;20.26;7.38;59.00
Фрукт, грильяж Чорнослив ц-ки ф/п 1,7кг Шоколадно;кг;1.7;92.69;157.57;3.40;2.00
Фрукт, грильяж Курагой ц-ки ф/п 1.7кг Шоколадно;кг;1.7;89.89;152.81;8.50;5.00
 Шоколадно ПЕЧИВО;;;;;;
Акція Печиво Асорті 0.8 кг Шоколадно;кг;0.8;0.01;0.01;32.00;40.00
Цукровий хрустик печиво 1.3 кг Шоколадно;кг;1.3;58.11;75.54;1.30;1.00
Шоколадно з шок-гор. Печиво 1.4 кг Шоколадно;кг;1.4;71.89;100.65;1.40;1 00
Шоколадно з шок-гор.Печиво 0,3 кг*10уп/ Шоколадно;шт;1;28.62;28.62;4.00;4.00
